{
    "0": {
        "0": 0.17977084232320015,
        "1": 0.16324289152486618,
        "2": 0.16298189553429773,
        "3": 0.15992881954596502
    },
    "1": {
        "0": 0.09257424406888246,
        "1": 0.07854380796162312,
        "2": 0.06975402505678668,
        "3": 0.13987390000880362
    },
    "2": {
        "0": 0.12062842795975964,
        "1": 0.08783340960293985,
        "2": 0.08872837984034125,
        "3": 0.08864808847118646
    },
    "3": {
        "0": 0.035040228196862394,
        "1": 0.029314830997987654,
        "2": 0.02619765494699256,
        "3": 0.07309226544518767
    },
    "4": {
        "0": 0.19397581314075119,
        "1": 0.11905512933392312,
        "2": 0.13042495556575967,
        "3": 0.12319721197549689
    },
    "5": {
        "0": 0.0,
        "1": 0.0,
        "2": 0.0,
        "3": 0.0
    },
    "6": {
        "0": 0.13284345798316527,
        "1": 0.10851581856222846,
        "2": 0.08595262007788236,
        "3": 0.022032718952971687
    },
    "7": {
        "0": 0.0,
        "1": 0.0,
        "2": 0.0,
        "3": 0.0
    },
    "8": {
        "0": 0.12160197601190247,
        "1": 0.14756360196034668,
        "2": 0.13614670950350632,
        "3": 0.22620096326019876
    },
    "9": {
        "0": 0.1703293698764273,
        "1": 0.28747760616611606,
        "2": 0.17450351369890724,
        "3": 0.14922300463040938
    },
    "10": {
        "0": 0.3316339472533328,
        "1": 0.24834813789689575,
        "2": 0.18160386460868672,
        "3": 0.08636664025719801
    },
    "11": {
        "0": 0.0,
        "1": 0.0,
        "2": 0.0,
        "3": 0.0
    },
    "12": {
        "0": 0.0,
        "1": 0.0,
        "2": 0.0,
        "3": 0.0
    },
    "13": {
        "0": 0.11459111894510944,
        "1": 0.17838517916913357,
        "2": 0.4055966358495945,
        "3": 0.16105936691136574
    },
    "14": {
        "0": 0.2710840603960076,
        "1": 0.5377265549992536,
        "2": 0.6653489139196194,
        "3": 0.4542039528053511
    },
    "15": {
        "0": 0.0,
        "1": 0.0,
        "2": 0.0,
        "3": 0.0
    }
}